"","Año","Clave_Ent","Entidad","Tipo.de.delito","Enerosum","Eneromean","Febrerosum","Febreromean","Marzosum","Marzomean","Abrilsum","Abrilmean","Mayosum","Mayomean","Juniosum","Juniomean","Juliosum","Juliomean","Agostosum","Agostomean","Septiembresum","Septiembremean","Octubresum","Octubremean","Noviembresum","Noviembremean","Diciembresum","Diciembremean"
"1",2015,1,"Aguascalientes","Violencia familiar",29,2.63636363636364,41,3.72727272727273,26,2.36363636363636,41,3.72727272727273,35,3.18181818181818,38,3.45454545454545,37,3.36363636363636,43,3.90909090909091,50,4.54545454545455,58,5.27272727272727,43,3.90909090909091,40,3.63636363636364
"2",2015,2,"Baja California","Violencia familiar",579,115.8,628,125.6,806,161.2,734,146.8,693,138.6,834,166.8,818,163.6,840,168,882,176.4,804,160.8,674,134.8,600,120
"3",2015,3,"Baja California Sur","Violencia familiar",123,24.6,119,23.8,170,34,142,28.4,116,23.2,143,28.6,142,28.4,124,24.8,162,32.4,141,28.2,166,33.2,143,28.6
"4",2015,4,"Campeche","Violencia familiar",1,0.0909090909090909,0,0,3,0.272727272727273,1,0.0909090909090909,3,0.272727272727273,5,0.454545454545455,1,0.0909090909090909,1,0.0909090909090909,0,0,2,0.181818181818182,0,0,1,0.0909090909090909
"5",2015,5,"Coahuila de Zaragoza","Violencia familiar",147,3.86842105263158,141,3.71052631578947,136,3.57894736842105,202,5.31578947368421,171,4.5,225,5.92105263157895,229,6.02631578947368,201,5.28947368421053,213,5.60526315789474,201,5.28947368421053,122,3.21052631578947,166,4.36842105263158
"6",2015,6,"Colima","Violencia familiar",30,3,34,3.4,41,4.1,63,6.3,54,5.4,71,7.1,40,4,57,5.7,40,4,44,4.4,45,4.5,30,3
"7",2015,7,"Chiapas","Violencia familiar",60,0.508474576271186,76,0.644067796610169,81,0.686440677966102,86,0.728813559322034,87,0.73728813559322,90,0.76271186440678,84,0.711864406779661,102,0.864406779661017,181,1.53389830508475,157,1.33050847457627,130,1.10169491525424,117,0.991525423728814
"8",2015,8,"Chihuahua","Violencia familiar",723,10.7910447761194,820,12.2388059701493,921,13.7462686567164,929,13.865671641791,1134,16.9253731343284,1217,18.1641791044776,1210,18.0597014925373,1308,19.5223880597015,1190,17.7611940298507,1077,16.0746268656716,915,13.6567164179104,829,12.3731343283582
"9",2015,9,"Ciudad de México","Violencia familiar",894,52.5882352941176,1011,59.4705882352941,1229,72.2941176470588,1266,74.4705882352941,1357,79.8235294117647,1441,84.7647058823529,1543,90.7647058823529,1490,87.6470588235294,1497,88.0588235294118,1537,90.4117647058823,1457,85.7058823529412,1381,81.2352941176471
"10",2015,10,"Durango","Violencia familiar",151,3.87179487179487,155,3.97435897435897,196,5.02564102564103,243,6.23076923076923,372,9.53846153846154,404,10.3589743589744,387,9.92307692307692,427,10.9487179487179,348,8.92307692307692,384,9.84615384615385,360,9.23076923076923,94,2.41025641025641
"11",2015,11,"Guanajuato","Violencia familiar",612,13.304347826087,638,13.8695652173913,747,16.2391304347826,864,18.7826086956522,916,19.9130434782609,929,20.195652173913,936,20.3478260869565,926,20.1304347826087,994,21.6086956521739,921,20.0217391304348,922,20.0434782608696,893,19.4130434782609
"12",2015,12,"Guerrero","Violencia familiar",221,2.7283950617284,192,2.37037037037037,211,2.60493827160494,208,2.5679012345679,184,2.2716049382716,151,1.8641975308642,145,1.79012345679012,160,1.97530864197531,99,1.22222222222222,150,1.85185185185185,167,2.06172839506173,134,1.65432098765432
"13",2015,13,"Hidalgo","Violencia familiar",100,1.19047619047619,155,1.8452380952381,117,1.39285714285714,174,2.07142857142857,246,2.92857142857143,143,1.70238095238095,180,2.14285714285714,281,3.3452380952381,237,2.82142857142857,237,2.82142857142857,277,3.29761904761905,147,1.75
"14",2015,14,"Jalisco","Violencia familiar",345,2.73809523809524,362,2.87301587301587,449,3.56349206349206,431,3.42063492063492,462,3.66666666666667,585,4.64285714285714,595,4.72222222222222,574,4.55555555555556,921,7.30952380952381,1361,10.8015873015873,1297,10.2936507936508,1161,9.21428571428571
"15",2015,15,"México","Violencia familiar",325,2.6,281,2.248,341,2.728,360,2.88,325,2.6,453,3.624,460,3.68,467,3.736,475,3.8,434,3.472,417,3.336,384,3.072
"16",2015,16,"Michoacán de Ocampo","Violencia familiar",89,0.787610619469027,104,0.920353982300885,74,0.654867256637168,113,1,97,0.858407079646018,81,0.716814159292035,59,0.52212389380531,80,0.707964601769911,41,0.36283185840708,66,0.584070796460177,57,0.504424778761062,60,0.530973451327434
"17",2015,17,"Morelos","Violencia familiar",268,8.12121212121212,341,10.3333333333333,355,10.7575757575758,366,11.0909090909091,336,10.1818181818182,360,10.9090909090909,324,9.81818181818182,374,11.3333333333333,316,9.57575757575758,384,11.6363636363636,315,9.54545454545454,295,8.93939393939394
"18",2015,18,"Nayarit","Violencia familiar",20,1,24,1.2,42,2.1,28,1.4,37,1.85,26,1.3,15,0.75,25,1.25,39,1.95,18,0.9,15,0.75,9,0.45
"19",2015,19,"Nuevo León","Violencia familiar",1045,20.4901960784314,1102,21.6078431372549,1286,25.2156862745098,1432,28.078431372549,1532,30.0392156862745,1671,32.7647058823529,1630,31.9607843137255,1669,32.7254901960784,1690,33.1372549019608,1435,28.1372549019608,1325,25.9803921568627,1245,24.4117647058824
"20",2015,20,"Oaxaca","Violencia familiar",0,0,88,2.44444444444444,0,0,0,0,97,2.69444444444444,0,0,0,0,194,5.38888888888889,0,0,0,0,239,6.63888888888889,0,0
"21",2015,21,"Puebla","Violencia familiar",336,1.54838709677419,370,1.70506912442396,387,1.78341013824885,442,2.036866359447,462,2.12903225806452,421,1.94009216589862,485,2.23502304147465,451,2.07834101382488,393,1.8110599078341,468,2.15668202764977,440,2.02764976958525,369,1.70046082949309
"22",2015,22,"Querétaro","Violencia familiar",49,2.57894736842105,67,3.52631578947368,81,4.26315789473684,74,3.89473684210526,86,4.52631578947368,76,4,73,3.84210526315789,82,4.31578947368421,86,4.52631578947368,106,5.57894736842105,83,4.36842105263158,79,4.15789473684211
"23",2015,23,"Quintana Roo","Violencia familiar",198,18,174,15.8181818181818,218,19.8181818181818,287,26.0909090909091,280,25.4545454545455,270,24.5454545454545,297,27,280,25.4545454545455,276,25.0909090909091,271,24.6363636363636,283,25.7272727272727,224,20.3636363636364
"24",2015,24,"San Luis Potosí","Violencia familiar",210,3.62068965517241,248,4.27586206896552,314,5.41379310344828,252,4.3448275862069,278,4.79310344827586,242,4.17241379310345,225,3.87931034482759,224,3.86206896551724,214,3.68965517241379,206,3.55172413793103,251,4.32758620689655,260,4.48275862068965
"25",2015,25,"Sinaloa","Violencia familiar",162,9,192,10.6666666666667,195,10.8333333333333,207,11.5,218,12.1111111111111,243,13.5,195,10.8333333333333,206,11.4444444444444,247,13.7222222222222,217,12.0555555555556,189,10.5,116,6.44444444444444
"26",2015,26,"Sonora","Violencia familiar",114,1.54054054054054,178,2.40540540540541,204,2.75675675675676,196,2.64864864864865,198,2.67567567567568,242,3.27027027027027,192,2.59459459459459,158,2.13513513513514,189,2.55405405405405,236,3.18918918918919,169,2.28378378378378,155,2.09459459459459
"27",2015,27,"Tabasco","Violencia familiar",283,16.6470588235294,307,18.0588235294118,384,22.5882352941176,395,23.2352941176471,416,24.4705882352941,211,12.4117647058824,346,20.3529411764706,358,21.0588235294118,376,22.1176470588235,381,22.4117647058824,403,23.7058823529412,370,21.7647058823529
"28",2015,28,"Tamaulipas","Violencia familiar",126,2.93023255813953,38,0.883720930232558,196,4.55813953488372,197,4.58139534883721,241,5.6046511627907,273,6.34883720930233,212,4.93023255813953,235,5.46511627906977,164,3.81395348837209,205,4.76744186046512,216,5.02325581395349,291,6.76744186046512
"29",2015,29,"Tlaxcala","Violencia familiar",8,0.133333333333333,12,0.2,0,0,0,0,0,0,0,0,0,0,1,0.0166666666666667,1,0.0166666666666667,1,0.0166666666666667,0,0,1,0.0166666666666667
"30",2015,30,"Veracruz de Ignacio de la Llave","Violencia familiar",236,1.10280373831776,206,0.962616822429907,213,0.995327102803738,461,2.15420560747664,438,2.04672897196262,307,1.43457943925234,148,0.691588785046729,342,1.5981308411215,297,1.38785046728972,380,1.77570093457944,305,1.42523364485981,239,1.11682242990654
"31",2015,31,"Yucatán","Violencia familiar",201,1.89622641509434,58,0.547169811320755,230,2.16981132075472,188,1.77358490566038,206,1.94339622641509,201,1.89622641509434,222,2.09433962264151,175,1.65094339622642,164,1.54716981132075,175,1.65094339622642,167,1.57547169811321,171,1.61320754716981
"32",2015,32,"Zacatecas","Violencia familiar",36,0.620689655172414,61,1.05172413793103,52,0.896551724137931,70,1.20689655172414,71,1.22413793103448,78,1.3448275862069,49,0.844827586206897,52,0.896551724137931,91,1.56896551724138,61,1.05172413793103,72,1.24137931034483,42,0.724137931034483
"33",2016,1,"Aguascalientes","Violencia familiar",50,4.54545454545455,41,3.72727272727273,50,4.54545454545455,52,4.72727272727273,62,5.63636363636364,47,4.27272727272727,52,4.72727272727273,56,5.09090909090909,59,5.36363636363636,70,6.36363636363636,63,5.72727272727273,43,3.90909090909091
"34",2016,2,"Baja California","Violencia familiar",556,111.2,661,132.2,695,139,776,155.2,795,159,781,156.2,799,159.8,809,161.8,681,136.2,712,142.4,564,112.8,486,97.2
"35",2016,3,"Baja California Sur","Violencia familiar",128,25.6,171,34.2,151,30.2,182,36.4,192,38.4,191,38.2,191,38.2,170,34,174,34.8,224,44.8,172,34.4,153,30.6
"36",2016,4,"Campeche","Violencia familiar",1,0.0909090909090909,2,0.181818181818182,4,0.363636363636364,3,0.272727272727273,3,0.272727272727273,5,0.454545454545455,7,0.636363636363636,6,0.545454545454545,1,0.0909090909090909,4,0.363636363636364,5,0.454545454545455,2,0.181818181818182
"37",2016,5,"Coahuila de Zaragoza","Violencia familiar",189,4.97368421052632,509,13.3947368421053,531,13.9736842105263,525,13.8157894736842,627,16.5,834,21.9473684210526,600,15.7894736842105,571,15.0263157894737,847,22.2894736842105,543,14.2894736842105,481,12.6578947368421,628,16.5263157894737
"38",2016,6,"Colima","Violencia familiar",29,2.9,30,3,39,3.9,0,0,0,0,0,0,17,1.7,16,1.6,18,1.8,15,1.5,21,2.1,18,1.8
"39",2016,7,"Chiapas","Violencia familiar",113,0.957627118644068,132,1.11864406779661,151,1.27966101694915,164,1.38983050847458,177,1.5,192,1.6271186440678,179,1.51694915254237,181,1.53389830508475,169,1.43220338983051,184,1.55932203389831,186,1.57627118644068,136,1.15254237288136
"40",2016,8,"Chihuahua","Violencia familiar",904,13.4925373134328,927,13.8358208955224,1112,16.5970149253731,1112,16.5970149253731,1305,19.4776119402985,1167,17.4179104477612,1201,17.9253731343284,1011,15.089552238806,916,13.6716417910448,868,12.955223880597,732,10.9253731343284,705,10.5223880597015
"41",2016,9,"Ciudad de México","Violencia familiar",1266,74.4705882352941,1529,89.9411764705882,1524,89.6470588235294,1722,101.294117647059,1831,107.705882352941,1772,104.235294117647,1430,84.1176470588235,1593,93.7058823529412,1516,89.1764705882353,1530,90,1332,78.3529411764706,1381,81.2352941176471
"42",2016,10,"Durango","Violencia familiar",336,8.61538461538461,368,9.43589743589744,421,10.7948717948718,525,13.4615384615385,476,12.2051282051282,528,13.5384615384615,450,11.5384615384615,475,12.1794871794872,461,11.8205128205128,394,10.1025641025641,452,11.5897435897436,386,9.8974358974359
"43",2016,11,"Guanajuato","Violencia familiar",806,17.5217391304348,939,20.4130434782609,928,20.1739130434783,1234,26.8260869565217,1418,30.8260869565217,1055,22.9347826086957,747,16.2391304347826,831,18.0652173913043,798,17.3478260869565,841,18.2826086956522,675,14.6739130434783,861,18.7173913043478
"44",2016,12,"Guerrero","Violencia familiar",150,1.85185185185185,150,1.85185185185185,172,2.12345679012346,164,2.02469135802469,176,2.17283950617284,178,2.19753086419753,170,2.09876543209877,207,2.55555555555556,230,2.83950617283951,200,2.46913580246914,177,2.18518518518519,209,2.58024691358025
"45",2016,13,"Hidalgo","Violencia familiar",291,3.46428571428571,234,2.78571428571429,226,2.69047619047619,47,0.55952380952381,295,3.51190476190476,314,3.73809523809524,171,2.03571428571429,263,3.13095238095238,413,4.91666666666667,188,2.23809523809524,304,3.61904761904762,332,3.95238095238095
"46",2016,14,"Jalisco","Violencia familiar",948,7.52380952380952,935,7.42063492063492,1016,8.06349206349206,1312,10.4126984126984,1387,11.0079365079365,936,7.42857142857143,745,5.91269841269841,900,7.14285714285714,801,6.35714285714286,602,4.77777777777778,828,6.57142857142857,1021,8.1031746031746
"47",2016,15,"México","Violencia familiar",321,2.568,468,3.744,443,3.544,537,4.296,626,5.008,444,3.552,443,3.544,437,3.496,490,3.92,437,3.496,397,3.176,431,3.448
"48",2016,16,"Michoacán de Ocampo","Violencia familiar",45,0.398230088495575,50,0.442477876106195,65,0.575221238938053,106,0.938053097345133,66,0.584070796460177,51,0.451327433628319,48,0.424778761061947,70,0.619469026548673,59,0.52212389380531,91,0.805309734513274,90,0.79646017699115,46,0.407079646017699
"49",2016,17,"Morelos","Violencia familiar",368,11.1515151515152,423,12.8181818181818,420,12.7272727272727,446,13.5151515151515,504,15.2727272727273,391,11.8484848484848,333,10.0909090909091,311,9.42424242424242,334,10.1212121212121,327,9.90909090909091,288,8.72727272727273,371,11.2424242424242
"50",2016,18,"Nayarit","Violencia familiar",19,0.95,36,1.8,28,1.4,44,2.2,48,2.4,57,2.85,23,1.15,41,2.05,47,2.35,50,2.5,39,1.95,44,2.2
"51",2016,19,"Nuevo León","Violencia familiar",1056,20.7058823529412,1363,26.7254901960784,1383,27.1176470588235,1521,29.8235294117647,1618,31.7254901960784,1889,37.0392156862745,1849,36.2549019607843,1592,31.2156862745098,1650,32.3529411764706,1450,28.4313725490196,1247,24.4509803921569,1155,22.6470588235294
"52",2016,20,"Oaxaca","Violencia familiar",202,5.61111111111111,215,5.97222222222222,268,7.44444444444444,348,9.66666666666667,360,10,321,8.91666666666667,333,9.25,330,9.16666666666667,340,9.44444444444444,0,0,326,9.05555555555556,310,8.61111111111111
"53",2016,21,"Puebla","Violencia familiar",368,1.69585253456221,415,1.91244239631336,494,2.27649769585253,605,2.78801843317972,651,3,469,2.16129032258065,390,1.79723502304147,407,1.87557603686636,459,2.11520737327189,500,2.30414746543779,464,2.13824884792627,364,1.67741935483871
"54",2016,22,"Querétaro","Violencia familiar",59,3.10526315789474,72,3.78947368421053,80,4.21052631578947,82,4.31578947368421,75,3.94736842105263,76,4,83,4.36842105263158,95,5,89,4.68421052631579,103,5.42105263157895,82,4.31578947368421,69,3.63157894736842
"55",2016,23,"Quintana Roo","Violencia familiar",140,12.7272727272727,113,10.2727272727273,113,10.2727272727273,100,9.09090909090909,96,8.72727272727273,113,10.2727272727273,108,9.81818181818182,81,7.36363636363636,102,9.27272727272727,161,14.6363636363636,189,17.1818181818182,208,18.9090909090909
"56",2016,24,"San Luis Potosí","Violencia familiar",149,2.56896551724138,277,4.77586206896552,208,3.58620689655172,340,5.86206896551724,125,2.1551724137931,351,6.05172413793103,252,4.3448275862069,437,7.53448275862069,455,7.8448275862069,495,8.53448275862069,445,7.67241379310345,396,6.82758620689655
"57",2016,25,"Sinaloa","Violencia familiar",169,9.38888888888889,226,12.5555555555556,231,12.8333333333333,216,12,250,13.8888888888889,197,10.9444444444444,160,8.88888888888889,192,10.6666666666667,200,11.1111111111111,231,12.8333333333333,169,9.38888888888889,130,7.22222222222222
"58",2016,26,"Sonora","Violencia familiar",143,1.93243243243243,187,2.52702702702703,252,3.40540540540541,432,5.83783783783784,434,5.86486486486486,576,7.78378378378378,529,7.14864864864865,173,2.33783783783784,189,2.55405405405405,264,3.56756756756757,249,3.36486486486486,167,2.25675675675676
"59",2016,27,"Tabasco","Violencia familiar",303,17.8235294117647,375,22.0588235294118,389,22.8823529411765,325,19.1176470588235,318,18.7058823529412,477,28.0588235294118,540,31.7647058823529,560,32.9411764705882,523,30.7647058823529,514,30.2352941176471,506,29.7647058823529,576,33.8823529411765
"60",2016,28,"Tamaulipas","Violencia familiar",281,6.53488372093023,400,9.30232558139535,492,11.4418604651163,503,11.6976744186047,661,15.3720930232558,574,13.3488372093023,551,12.8139534883721,533,12.3953488372093,627,14.5813953488372,590,13.7209302325581,537,12.4883720930233,629,14.6279069767442
"61",2016,29,"Tlaxcala","Violencia familiar",1,0.0166666666666667,0,0,0,0,0,0,1,0.0166666666666667,2,0.0333333333333333,1,0.0166666666666667,0,0,0,0,0,0,1,0.0166666666666667,0,0
"62",2016,30,"Veracruz de Ignacio de la Llave","Violencia familiar",328,1.53271028037383,338,1.57943925233645,397,1.85514018691589,474,2.21495327102804,417,1.94859813084112,431,2.01401869158878,393,1.83644859813084,473,2.21028037383178,392,1.83177570093458,381,1.7803738317757,386,1.80373831775701,361,1.68691588785047
"63",2016,31,"Yucatán","Violencia familiar",160,1.50943396226415,185,1.74528301886792,184,1.73584905660377,181,1.70754716981132,186,1.75471698113208,201,1.89622641509434,237,2.23584905660377,222,2.09433962264151,200,1.88679245283019,180,1.69811320754717,173,1.63207547169811,161,1.5188679245283
"64",2016,32,"Zacatecas","Violencia familiar",78,1.3448275862069,64,1.10344827586207,82,1.41379310344828,63,1.08620689655172,97,1.67241379310345,105,1.81034482758621,83,1.43103448275862,81,1.39655172413793,141,2.43103448275862,119,2.05172413793103,67,1.1551724137931,95,1.63793103448276
"65",2017,1,"Aguascalientes","Violencia familiar",56,5.09090909090909,58,5.27272727272727,69,6.27272727272727,70,6.36363636363636,113,10.2727272727273,113,10.2727272727273,86,7.81818181818182,107,9.72727272727273,100,9.09090909090909,127,11.5454545454545,105,9.54545454545454,98,8.90909090909091
"66",2017,2,"Baja California","Violencia familiar",514,102.8,539,107.8,704,140.8,682,136.4,759,151.8,807,161.4,844,168.8,826,165.2,802,160.4,790,158,679,135.8,608,121.6
"67",2017,3,"Baja California Sur","Violencia familiar",175,35,157,31.4,155,31,168,33.6,184,36.8,200,40,177,35.4,171,34.2,168,33.6,178,35.6,140,28,109,21.8
"68",2017,4,"Campeche","Violencia familiar",3,0.272727272727273,6,0.545454545454545,3,0.272727272727273,7,0.636363636363636,7,0.636363636363636,8,0.727272727272727,5,0.454545454545455,6,0.545454545454545,7,0.636363636363636,4,0.363636363636364,5,0.454545454545455,4,0.363636363636364
"69",2017,5,"Coahuila de Zaragoza","Violencia familiar",490,12.8947368421053,537,14.1315789473684,743,19.5526315789474,703,18.5,760,20,1064,28,797,20.9736842105263,989,26.0263157894737,825,21.7105263157895,747,19.6578947368421,788,20.7368421052632,525,13.8157894736842
"70",2017,6,"Colima","Violencia familiar",191,19.1,163,16.3,164,16.4,159,15.9,193,19.3,173,17.3,181,18.1,229,22.9,215,21.5,206,20.6,228,22.8,197,19.7
"71",2017,7,"Chiapas","Violencia familiar",141,1.19491525423729,105,0.889830508474576,116,0.983050847457627,122,1.03389830508475,141,1.19491525423729,111,0.940677966101695,265,2.24576271186441,467,3.95762711864407,510,4.32203389830508,541,4.58474576271186,544,4.61016949152542,443,3.75423728813559
"72",2017,8,"Chihuahua","Violencia familiar",734,10.955223880597,781,11.6567164179104,1000,14.9253731343284,930,13.8805970149254,1091,16.2835820895522,1177,17.5671641791045,1093,16.3134328358209,1020,15.2238805970149,935,13.955223880597,1059,15.8059701492537,887,13.2388059701493,876,13.0746268656716
"73",2017,9,"Ciudad de México","Violencia familiar",1382,81.2941176470588,1340,78.8235294117647,1578,92.8235294117647,1495,87.9411764705882,1651,97.1176470588235,1704,100.235294117647,1484,87.2941176470588,1694,99.6470588235294,1556,91.5294117647059,1608,94.5882352941177,1445,85,1423,83.7058823529412
"74",2017,10,"Durango","Violencia familiar",484,12.4102564102564,365,9.35897435897436,239,6.12820512820513,437,11.2051282051282,263,6.74358974358974,466,11.9487179487179,525,13.4615384615385,523,13.4102564102564,492,12.6153846153846,473,12.1282051282051,514,13.1794871794872,415,10.6410256410256
"75",2017,11,"Guanajuato","Violencia familiar",837,18.195652173913,873,18.9782608695652,984,21.3913043478261,1022,22.2173913043478,1205,26.195652173913,1042,22.6521739130435,876,19.0434782608696,1007,21.8913043478261,860,18.695652173913,989,21.5,810,17.6086956521739,748,16.2608695652174
"76",2017,12,"Guerrero","Violencia familiar",164,2.02469135802469,209,2.58024691358025,292,3.60493827160494,217,2.67901234567901,242,2.98765432098765,208,2.5679012345679,222,2.74074074074074,212,2.61728395061728,229,2.82716049382716,273,3.37037037037037,222,2.74074074074074,206,2.54320987654321
"77",2017,13,"Hidalgo","Violencia familiar",303,3.60714285714286,375,4.46428571428571,332,3.95238095238095,338,4.02380952380952,444,5.28571428571429,396,4.71428571428571,251,2.98809523809524,453,5.39285714285714,415,4.94047619047619,413,4.91666666666667,401,4.77380952380952,296,3.52380952380952
"78",2017,14,"Jalisco","Violencia familiar",733,5.81746031746032,649,5.15079365079365,823,6.53174603174603,644,5.11111111111111,897,7.11904761904762,942,7.47619047619048,840,6.66666666666667,937,7.43650793650794,838,6.65079365079365,826,6.55555555555556,820,6.50793650793651,608,4.82539682539683
"79",2017,15,"México","Violencia familiar",370,2.96,477,3.816,545,4.36,556,4.448,618,4.944,651,5.208,588,4.704,681,5.448,600,4.8,647,5.176,626,5.008,501,4.008
"80",2017,16,"Michoacán de Ocampo","Violencia familiar",60,0.530973451327434,83,0.734513274336283,85,0.752212389380531,70,0.619469026548673,108,0.955752212389381,122,1.07964601769911,107,0.946902654867257,99,0.876106194690266,124,1.09734513274336,122,1.07964601769911,95,0.84070796460177,83,0.734513274336283
"81",2017,17,"Morelos","Violencia familiar",375,11.3636363636364,368,11.1515151515152,459,13.9090909090909,423,12.8181818181818,555,16.8181818181818,466,14.1212121212121,399,12.0909090909091,453,13.7272727272727,375,11.3636363636364,456,13.8181818181818,403,12.2121212121212,337,10.2121212121212
"82",2017,18,"Nayarit","Violencia familiar",63,3.15,54,2.7,53,2.65,35,1.75,55,2.75,30,1.5,17,0.85,32,1.6,29,1.45,11,0.55,28,1.4,25,1.25
"83",2017,19,"Nuevo León","Violencia familiar",1178,23.0980392156863,1260,24.7058823529412,1458,28.5882352941176,1356,26.5882352941176,1652,32.3921568627451,1852,36.3137254901961,1512,29.6470588235294,1696,33.2549019607843,1630,31.9607843137255,1290,25.2941176470588,1295,25.3921568627451,966,18.9411764705882
"84",2017,20,"Oaxaca","Violencia familiar",253,0.4430823117338,274,0.479859894921191,376,0.658493870402802,392,0.686514886164623,402,0.704028021015762,335,0.586690017513135,314,0.549912434325744,372,0.651488616462347,304,0.532399299474606,430,0.753064798598949,388,0.679509632224168,372,0.651488616462347
"85",2017,21,"Puebla","Violencia familiar",460,2.11981566820277,523,2.41013824884793,513,2.36405529953917,513,2.36405529953917,590,2.71889400921659,533,2.45622119815668,520,2.3963133640553,611,2.81566820276498,510,2.35023041474654,589,2.71428571428571,530,2.44239631336406,435,2.00460829493088
"86",2017,22,"Querétaro","Violencia familiar",85,4.47368421052632,63,3.31578947368421,96,5.05263157894737,83,4.36842105263158,123,6.47368421052632,92,4.84210526315789,106,5.57894736842105,126,6.63157894736842,86,4.52631578947368,111,5.84210526315789,103,5.42105263157895,112,5.89473684210526
"87",2017,23,"Quintana Roo","Violencia familiar",124,11.2727272727273,140,12.7272727272727,242,22,184,16.7272727272727,194,17.6363636363636,229,20.8181818181818,211,19.1818181818182,218,19.8181818181818,250,22.7272727272727,310,28.1818181818182,248,22.5454545454545,283,25.7272727272727
"88",2017,24,"San Luis Potosí","Violencia familiar",497,8.56896551724138,496,8.55172413793103,515,8.87931034482759,461,7.94827586206897,550,9.48275862068965,480,8.27586206896552,407,7.01724137931035,489,8.43103448275862,491,8.46551724137931,513,8.8448275862069,448,7.72413793103448,376,6.48275862068965
"89",2017,25,"Sinaloa","Violencia familiar",157,8.72222222222222,148,8.22222222222222,185,10.2777777777778,180,10,274,15.2222222222222,300,16.6666666666667,225,12.5,230,12.7777777777778,214,11.8888888888889,298,16.5555555555556,236,13.1111111111111,165,9.16666666666667
"90",2017,26,"Sonora","Violencia familiar",251,3.39189189189189,240,3.24324324324324,310,4.18918918918919,184,2.48648648648649,236,3.18918918918919,199,2.68918918918919,167,2.25675675675676,211,2.85135135135135,172,2.32432432432432,210,2.83783783783784,122,1.64864864864865,126,1.7027027027027
"91",2017,27,"Tabasco","Violencia familiar",490,28.8235294117647,519,30.5294117647059,597,35.1176470588235,599,35.2352941176471,681,40.0588235294118,582,34.2352941176471,598,35.1764705882353,550,32.3529411764706,563,33.1176470588235,555,32.6470588235294,445,26.1764705882353,417,24.5294117647059
"92",2017,28,"Tamaulipas","Violencia familiar",532,12.3720930232558,571,13.2790697674419,679,15.7906976744186,621,14.4418604651163,753,17.5116279069767,711,16.5348837209302,598,13.906976744186,646,15.0232558139535,558,12.9767441860465,500,11.6279069767442,455,10.5813953488372,406,9.44186046511628
"93",2017,29,"Tlaxcala","Violencia familiar",0,0,1,0.0166666666666667,1,0.0166666666666667,0,0,0,0,0,0,0,0,2,0.0333333333333333,3,0.05,0,0,8,0.133333333333333,9,0.15
"94",2017,30,"Veracruz de Ignacio de la Llave","Violencia familiar",506,2.36448598130841,501,2.3411214953271,593,2.77102803738318,577,2.69626168224299,613,2.86448598130841,626,2.92523364485981,539,2.51869158878505,573,2.67757009345794,545,2.54672897196262,568,2.65420560747664,412,1.92523364485981,273,1.27570093457944
"95",2017,31,"Yucatán","Violencia familiar",187,1.76415094339623,209,1.97169811320755,247,2.33018867924528,260,2.45283018867925,270,2.54716981132075,246,2.32075471698113,233,2.19811320754717,211,1.99056603773585,220,2.07547169811321,226,2.13207547169811,197,1.85849056603774,164,1.54716981132075
"96",2017,32,"Zacatecas","Violencia familiar",90,1.55172413793103,133,2.29310344827586,120,2.06896551724138,103,1.77586206896552,146,2.51724137931034,167,2.87931034482759,135,2.32758620689655,156,2.68965517241379,141,2.43103448275862,155,2.67241379310345,134,2.31034482758621,130,2.24137931034483
"97",2018,1,"Aguascalientes","Violencia familiar",86,7.81818181818182,96,8.72727272727273,118,10.7272727272727,134,12.1818181818182,170,15.4545454545455,108,9.81818181818182,148,13.4545454545455,167,15.1818181818182,133,12.0909090909091,158,14.3636363636364,152,13.8181818181818,140,12.7272727272727
"98",2018,2,"Baja California","Violencia familiar",679,135.8,642,128.4,729,145.8,824,164.8,954,190.8,964,192.8,999,199.8,984,196.8,863,172.6,891,178.2,729,145.8,646,129.2
"99",2018,3,"Baja California Sur","Violencia familiar",148,29.6,147,29.4,198,39.6,160,32,187,37.4,191,38.2,194,38.8,167,33.4,154,30.8,240,48,167,33.4,157,31.4
"100",2018,4,"Campeche","Violencia familiar",4,0.363636363636364,6,0.545454545454545,4,0.363636363636364,3,0.272727272727273,4,0.363636363636364,12,1.09090909090909,2,0.181818181818182,4,0.363636363636364,4,0.363636363636364,5,0.454545454545455,1,0.0909090909090909,3,0.272727272727273
"101",2018,5,"Coahuila de Zaragoza","Violencia familiar",519,13.6578947368421,712,18.7368421052632,959,25.2368421052632,818,21.5263157894737,1159,30.5,1111,29.2368421052632,693,18.2368421052632,1007,26.5,728,19.1578947368421,662,17.4210526315789,771,20.2894736842105,652,17.1578947368421
"102",2018,6,"Colima","Violencia familiar",209,20.9,200,20,240,24,224,22.4,204,20.4,182,18.2,238,23.8,197,19.7,221,22.1,196,19.6,169,16.9,173,17.3
"103",2018,7,"Chiapas","Violencia familiar",545,4.43089430894309,541,4.39837398373984,719,5.84552845528455,544,4.42276422764228,505,4.10569105691057,499,4.05691056910569,487,3.95934959349594,453,3.68292682926829,462,3.75609756097561,416,3.38211382113821,432,3.51219512195122,429,3.48780487804878
"104",2018,8,"Chihuahua","Violencia familiar",827,12.3432835820896,788,11.7611940298507,1004,14.9850746268657,1045,15.5970149253731,1155,17.2388059701493,1062,15.8507462686567,1048,15.6417910447761,995,14.8507462686567,998,14.8955223880597,871,13,720,10.7462686567164,714,10.6567164179104
"105",2018,9,"Ciudad de México","Violencia familiar",1449,85.2352941176471,1532,90.1176470588235,1769,104.058823529412,1877,110.411764705882,1892,111.294117647059,1655,97.3529411764706,1744,102.588235294118,1581,93,1673,98.4117647058823,1676,98.5882352941177,1570,92.3529411764706,1513,89
"106",2018,10,"Durango","Violencia familiar",463,11.8717948717949,417,10.6923076923077,539,13.8205128205128,533,13.6666666666667,546,14,595,15.2564102564103,489,12.5384615384615,481,12.3333333333333,405,10.3846153846154,429,11,365,9.35897435897436,333,8.53846153846154
"107",2018,11,"Guanajuato","Violencia familiar",772,16.7826086956522,733,15.9347826086957,940,20.4347826086957,993,21.5869565217391,1053,22.8913043478261,804,17.4782608695652,938,20.3913043478261,852,18.5217391304348,855,18.5869565217391,933,20.2826086956522,762,16.5652173913043,721,15.6739130434783
"108",2018,12,"Guerrero","Violencia familiar",206,2.54320987654321,254,3.1358024691358,301,3.71604938271605,238,2.93827160493827,217,2.67901234567901,194,2.39506172839506,252,3.11111111111111,240,2.96296296296296,215,2.65432098765432,254,3.1358024691358,214,2.64197530864198,249,3.07407407407407
"109",2018,13,"Hidalgo","Violencia familiar",351,4.17857142857143,410,4.88095238095238,437,5.20238095238095,413,4.91666666666667,487,5.79761904761905,491,5.84523809523809,324,3.85714285714286,542,6.45238095238095,444,5.28571428571429,467,5.55952380952381,428,5.09523809523809,289,3.44047619047619
"110",2018,14,"Jalisco","Violencia familiar",778,6.17460317460317,709,5.62698412698413,845,6.70634920634921,883,7.00793650793651,904,7.17460317460317,849,6.73809523809524,826,6.55555555555556,689,5.46825396825397,647,5.13492063492064,683,5.42063492063492,529,4.1984126984127,508,4.03174603174603
"111",2018,15,"México","Violencia familiar",468,3.744,547,4.376,644,5.152,589,4.712,568,4.544,557,4.456,489,3.912,445,3.56,510,4.08,704,5.632,488,3.904,487,3.896
"112",2018,16,"Michoacán de Ocampo","Violencia familiar",109,0.964601769911504,82,0.725663716814159,129,1.14159292035398,135,1.19469026548673,142,1.25663716814159,137,1.21238938053097,122,1.07964601769911,90,0.79646017699115,92,0.814159292035398,102,0.902654867256637,69,0.610619469026549,64,0.566371681415929
"113",2018,17,"Morelos","Violencia familiar",396,12,423,12.8181818181818,477,14.4545454545455,466,14.1212121212121,537,16.2727272727273,392,11.8787878787879,454,13.7575757575758,371,11.2424242424242,401,12.1515151515152,419,12.6969696969697,325,9.84848484848485,292,8.84848484848485
"114",2018,18,"Nayarit","Violencia familiar",23,1.15,35,1.75,37,1.85,42,2.1,37,1.85,21,1.05,23,1.15,29,1.45,46,2.3,35,1.75,23,1.15,53,2.65
"115",2018,19,"Nuevo León","Violencia familiar",997,19.5490196078431,1099,21.5490196078431,1372,26.9019607843137,1347,26.4117647058824,1574,30.8627450980392,1595,31.2745098039216,1788,35.0588235294118,1558,30.5490196078431,1563,30.6470588235294,1355,26.5686274509804,1130,22.156862745098,1032,20.2352941176471
"116",2018,20,"Oaxaca","Violencia familiar",424,0.742556917688266,428,0.749562171628722,586,1.02626970227671,537,0.94045534150613,563,0.985989492119089,431,0.754816112084063,481,0.842381786339755,434,0.760070052539405,410,0.718038528896673,471,0.824868651488616,472,0.82661996497373,445,0.779334500875657
"117",2018,21,"Puebla","Violencia familiar",482,2.22119815668203,506,2.33179723502304,616,2.83870967741935,617,2.84331797235023,691,3.18433179723502,680,3.13364055299539,713,3.28571428571429,623,2.87096774193548,594,2.73732718894009,653,3.00921658986175,593,2.73271889400922,528,2.4331797235023
"118",2018,22,"Querétaro","Violencia familiar",113,5.94736842105263,97,5.10526315789474,136,7.15789473684211,178,9.36842105263158,179,9.42105263157895,154,8.10526315789474,177,9.31578947368421,175,9.21052631578947,182,9.57894736842105,188,9.89473684210526,142,7.47368421052632,144,7.57894736842105
"119",2018,23,"Quintana Roo","Violencia familiar",247,22.4545454545455,299,27.1818181818182,278,25.2727272727273,315,28.6363636363636,344,31.2727272727273,373,33.9090909090909,490,44.5454545454545,402,36.5454545454545,279,25.3636363636364,315,28.6363636363636,330,30,353,32.0909090909091
"120",2018,24,"San Luis Potosí","Violencia familiar",436,7.51724137931035,430,7.41379310344828,434,7.48275862068965,503,8.67241379310345,588,10.1379310344828,561,9.67241379310345,581,10.0172413793103,533,9.18965517241379,562,9.68965517241379,535,9.22413793103448,443,7.63793103448276,442,7.62068965517241
"121",2018,25,"Sinaloa","Violencia familiar",232,12.8888888888889,300,16.6666666666667,316,17.5555555555556,371,20.6111111111111,364,20.2222222222222,328,18.2222222222222,276,15.3333333333333,303,16.8333333333333,317,17.6111111111111,405,22.5,320,17.7777777777778,268,14.8888888888889
"122",2018,26,"Sonora","Violencia familiar",132,1.78378378378378,166,2.24324324324324,180,2.43243243243243,214,2.89189189189189,216,2.91891891891892,203,2.74324324324324,188,2.54054054054054,185,2.5,179,2.41891891891892,206,2.78378378378378,178,2.40540540540541,148,2
"123",2018,27,"Tabasco","Violencia familiar",412,24.2352941176471,490,28.8235294117647,565,33.2352941176471,590,34.7058823529412,632,37.1764705882353,614,36.1176470588235,583,34.2941176470588,506,29.7647058823529,578,34,599,35.2352941176471,424,24.9411764705882,455,26.7647058823529
"124",2018,28,"Tamaulipas","Violencia familiar",398,9.25581395348837,473,11,549,12.7674418604651,594,13.8139534883721,713,16.5813953488372,647,15.046511627907,695,16.1627906976744,689,16.0232558139535,674,15.6744186046512,623,14.4883720930233,492,11.4418604651163,482,11.2093023255814
"125",2018,29,"Tlaxcala","Violencia familiar",15,0.25,13,0.216666666666667,18,0.3,20,0.333333333333333,17,0.283333333333333,17,0.283333333333333,12,0.2,12,0.2,6,0.1,0,0,0,0,0,0
"126",2018,30,"Veracruz de Ignacio de la Llave","Violencia familiar",505,2.35981308411215,562,2.62616822429907,611,2.85514018691589,676,3.1588785046729,678,3.16822429906542,648,3.02803738317757,515,2.40654205607477,537,2.50934579439252,608,2.8411214953271,474,2.21495327102804,248,1.1588785046729,157,0.733644859813084
"127",2018,31,"Yucatán","Violencia familiar",168,1.58490566037736,166,1.56603773584906,185,1.74528301886792,199,1.87735849056604,196,1.84905660377358,146,1.37735849056604,33,0.311320754716981,184,1.73584905660377,191,1.80188679245283,169,1.59433962264151,169,1.59433962264151,129,1.21698113207547
"128",2018,32,"Zacatecas","Violencia familiar",128,2.20689655172414,149,2.56896551724138,177,3.05172413793103,196,3.37931034482759,187,3.22413793103448,188,3.24137931034483,186,3.20689655172414,195,3.36206896551724,195,3.36206896551724,220,3.79310344827586,162,2.79310344827586,168,2.89655172413793
"129",2019,1,"Aguascalientes","Violencia familiar",127,11.5454545454545,153,13.9090909090909,209,19,199,18.0909090909091,189,17.1818181818182,188,17.0909090909091,195,17.7272727272727,195,17.7272727272727,173,15.7272727272727,206,18.7272727272727,170,15.4545454545455,148,13.4545454545455
"130",2019,2,"Baja California","Violencia familiar",654,130.8,570,114,769,153.8,859,171.8,877,175.4,971,194.2,1054,210.8,1042,208.4,1056,211.2,995,199,836,167.2,772,154.4
"131",2019,3,"Baja California Sur","Violencia familiar",158,31.6,165,33,201,40.2,236,47.2,215,43,266,53.2,256,51.2,234,46.8,251,50.2,225,45,185,37,220,44
"132",2019,4,"Campeche","Violencia familiar",4,0.363636363636364,9,0.818181818181818,4,0.363636363636364,6,0.545454545454545,11,1,7,0.636363636363636,4,0.363636363636364,2,0.181818181818182,3,0.272727272727273,5,0.454545454545455,3,0.272727272727273,4,0.363636363636364
"133",2019,5,"Coahuila de Zaragoza","Violencia familiar",646,17,1025,26.9736842105263,848,22.3157894736842,801,21.0789473684211,1128,29.6842105263158,918,24.1578947368421,884,23.2631578947368,1213,31.9210526315789,921,24.2368421052632,971,25.5526315789474,657,17.2894736842105,635,16.7105263157895
"134",2019,6,"Colima","Violencia familiar",198,19.8,236,23.6,292,29.2,252,25.2,271,27.1,315,31.5,258,25.8,314,31.4,261,26.1,300,30,253,25.3,276,27.6
"135",2019,7,"Chiapas","Violencia familiar",466,3.78861788617886,443,3.60162601626016,453,3.68292682926829,442,3.59349593495935,469,3.8130081300813,439,3.56910569105691,445,3.61788617886179,377,3.0650406504065,358,2.91056910569106,400,3.2520325203252,433,3.52032520325203,383,3.11382113821138
"136",2019,8,"Chihuahua","Violencia familiar",762,11.3731343283582,689,10.2835820895522,800,11.9402985074627,937,13.9850746268657,1045,15.5970149253731,1072,16,1205,17.9850746268657,1042,15.5522388059701,1019,15.2089552238806,868,12.955223880597,715,10.6716417910448,814,12.1492537313433
"137",2019,9,"Ciudad de México","Violencia familiar",1609,94.6470588235294,1754,103.176470588235,2205,129.705882352941,2171,127.705882352941,2477,145.705882352941,2156,126.823529411765,2205,129.705882352941,2402,141.294117647059,2315,136.176470588235,2193,129,2114,124.352941176471,2174,127.882352941176
"138",2019,10,"Durango","Violencia familiar",377,9.66666666666667,432,11.0769230769231,463,11.8717948717949,541,13.8717948717949,589,15.1025641025641,633,16.2307692307692,644,16.5128205128205,628,16.1025641025641,577,14.7948717948718,542,13.8974358974359,455,11.6666666666667,439,11.2564102564103
"139",2019,11,"Guanajuato","Violencia familiar",823,17.8913043478261,813,17.6739130434783,967,21.0217391304348,1030,22.3913043478261,1168,25.3913043478261,1029,22.3695652173913,943,20.5,932,20.2608695652174,875,19.0217391304348,928,20.1739130434783,829,18.0217391304348,805,17.5
"140",2019,12,"Guerrero","Violencia familiar",205,2.53086419753086,216,2.66666666666667,283,3.49382716049383,240,2.96296296296296,258,3.18518518518519,260,3.20987654320988,295,3.64197530864198,276,3.40740740740741,275,3.39506172839506,258,3.18518518518519,250,3.08641975308642,211,2.60493827160494
"141",2019,13,"Hidalgo","Violencia familiar",552,6.57142857142857,540,6.42857142857143,463,5.51190476190476,483,5.75,609,7.25,580,6.90476190476191,334,3.97619047619048,456,5.42857142857143,456,5.42857142857143,416,4.95238095238095,381,4.53571428571429,349,4.15476190476191
"142",2019,14,"Jalisco","Violencia familiar",686,5.44444444444444,685,5.43650793650794,841,6.67460317460317,937,7.43650793650794,1169,9.27777777777778,1026,8.14285714285714,1062,8.42857142857143,1134,9,951,7.54761904761905,1001,7.94444444444444,782,6.20634920634921,779,6.18253968253968
"143",2019,15,"México","Violencia familiar",480,3.84,541,4.328,634,5.072,638,5.104,768,6.144,889,7.112,785,6.28,861,6.888,921,7.368,956,7.648,893,7.144,883,7.064
"144",2019,16,"Michoacán de Ocampo","Violencia familiar",73,0.646017699115044,63,0.557522123893805,86,0.761061946902655,67,0.592920353982301,81,0.716814159292035,81,0.716814159292035,76,0.672566371681416,78,0.690265486725664,81,0.716814159292035,69,0.610619469026549,75,0.663716814159292,81,0.716814159292035
"145",2019,17,"Morelos","Violencia familiar",414,12.5454545454545,323,9.78787878787879,501,15.1818181818182,466,14.1212121212121,511,15.4848484848485,406,12.3030303030303,435,13.1818181818182,378,11.4545454545455,370,11.2121212121212,486,14.7272727272727,437,13.2424242424242,405,12.2727272727273
"146",2019,18,"Nayarit","Violencia familiar",34,1.7,58,2.9,59,2.95,62,3.1,90,4.5,63,3.15,67,3.35,56,2.8,59,2.95,86,4.3,73,3.65,61,3.05
"147",2019,19,"Nuevo León","Violencia familiar",961,18.843137254902,1162,22.7843137254902,1216,23.843137254902,1250,24.5098039215686,1563,30.6470588235294,1472,28.8627450980392,1434,28.1176470588235,1506,29.5294117647059,1485,29.1176470588235,1717,33.6666666666667,1225,24.0196078431373,1348,26.4313725490196
"148",2019,20,"Oaxaca","Violencia familiar",485,0.84938704028021,463,0.810858143607706,552,0.966725043782837,562,0.984238178633975,638,1.11733800350263,525,0.919439579684764,573,1.00350262697023,604,1.05779334500876,522,0.914185639229422,511,0.89492119089317,472,0.82661996497373,532,0.93169877408056
"149",2019,21,"Puebla","Violencia familiar",542,2.49769585253456,637,2.93548387096774,772,3.55760368663594,844,3.88940092165899,915,4.21658986175115,792,3.64976958525346,846,3.89861751152074,827,3.8110599078341,714,3.29032258064516,787,3.62672811059908,673,3.10138248847926,728,3.35483870967742
"150",2019,22,"Querétaro","Violencia familiar",150,7.89473684210526,159,8.36842105263158,221,11.6315789473684,236,12.4210526315789,245,12.8947368421053,216,11.3684210526316,385,20.2631578947368,354,18.6315789473684,286,15.0526315789474,338,17.7894736842105,283,14.8947368421053,262,13.7894736842105
"151",2019,23,"Quintana Roo","Violencia familiar",469,42.6363636363636,431,39.1818181818182,504,45.8181818181818,518,47.0909090909091,515,46.8181818181818,533,48.4545454545455,574,52.1818181818182,423,38.4545454545455,407,37,477,43.3636363636364,341,31,316,28.7272727272727
"152",2019,24,"San Luis Potosí","Violencia familiar",536,9.24137931034483,551,9.5,613,10.5689655172414,705,12.1551724137931,866,14.9310344827586,698,12.0344827586207,816,14.0689655172414,747,12.8793103448276,737,12.7068965517241,726,12.5172413793103,612,10.551724137931,626,10.7931034482759
"153",2019,25,"Sinaloa","Violencia familiar",343,19.0555555555556,343,19.0555555555556,378,21,392,21.7777777777778,416,23.1111111111111,379,21.0555555555556,389,21.6111111111111,355,19.7222222222222,366,20.3333333333333,466,25.8888888888889,341,18.9444444444444,292,16.2222222222222
"154",2019,26,"Sonora","Violencia familiar",140,1.89189189189189,189,2.55405405405405,267,3.60810810810811,292,3.94594594594595,339,4.58108108108108,304,4.10810810810811,361,4.87837837837838,329,4.44594594594595,305,4.12162162162162,333,4.5,400,5.40540540540541,328,4.43243243243243
"155",2019,27,"Tabasco","Violencia familiar",518,30.4705882352941,582,34.2352941176471,571,33.5882352941176,590,34.7058823529412,764,44.9411764705882,665,39.1176470588235,735,43.2352941176471,669,39.3529411764706,615,36.1764705882353,640,37.6470588235294,337,19.8235294117647,529,31.1176470588235
"156",2019,28,"Tamaulipas","Violencia familiar",463,10.7674418604651,566,13.1627906976744,612,14.2325581395349,648,15.0697674418605,812,18.8837209302326,652,15.1627906976744,706,16.4186046511628,711,16.5348837209302,656,15.2558139534884,648,15.0697674418605,512,11.906976744186,523,12.1627906976744
"157",2019,29,"Tlaxcala","Violencia familiar",0,0,2,0.0333333333333333,0,0,1,0.0166666666666667,4,0.0666666666666667,4,0.0666666666666667,2,0.0333333333333333,0,0,1,0.0166666666666667,1,0.0166666666666667,1,0.0166666666666667,1,0.0166666666666667
"158",2019,30,"Veracruz de Ignacio de la Llave","Violencia familiar",810,3.78504672897196,813,3.79906542056075,820,3.83177570093458,890,4.1588785046729,979,4.57476635514019,933,4.35981308411215,913,4.26635514018692,876,4.09345794392523,934,4.36448598130841,905,4.22897196261682,715,3.3411214953271,736,3.4392523364486
"159",2019,31,"Yucatán","Violencia familiar",124,1.16981132075472,134,1.26415094339623,146,1.37735849056604,121,1.14150943396226,123,1.16037735849057,92,0.867924528301887,106,1,95,0.89622641509434,106,1,97,0.915094339622642,76,0.716981132075472,75,0.707547169811321
"160",2019,32,"Zacatecas","Violencia familiar",153,2.63793103448276,186,3.20689655172414,244,4.20689655172414,215,3.70689655172414,269,4.63793103448276,252,4.3448275862069,248,4.27586206896552,257,4.43103448275862,231,3.98275862068966,245,4.22413793103448,260,4.48275862068965,234,4.03448275862069
"161",2020,1,"Aguascalientes","Violencia familiar",165,15,172,15.6363636363636,223,20.2727272727273,144,13.0909090909091,150,13.6363636363636,218,19.8181818181818,199,18.0909090909091,207,18.8181818181818,163,14.8181818181818,199,18.0909090909091,164,14.9090909090909,149,13.5454545454545
"162",2020,2,"Baja California","Violencia familiar",747,149.4,892,178.4,998,199.6,598,119.6,724,144.8,785,157,1064,212.8,1100,220,1109,221.8,1097,219.4,873,174.6,794,158.8
"163",2020,3,"Baja California Sur","Violencia familiar",174,34.8,191,38.2,247,49.4,163,32.6,152,30.4,254,50.8,224,44.8,192,38.4,278,55.6,248,49.6,209,41.8,158,31.6
"164",2020,4,"Campeche","Violencia familiar",6,0.545454545454545,2,0.181818181818182,7,0.636363636363636,4,0.363636363636364,1,0.0909090909090909,0,0,1,0.0909090909090909,2,0.181818181818182,8,0.727272727272727,7,0.636363636363636,4,0.363636363636364,3,0.272727272727273
"165",2020,5,"Coahuila de Zaragoza","Violencia familiar",748,19.6842105263158,794,20.8947368421053,833,21.9210526315789,504,13.2631578947368,662,17.4210526315789,922,24.2631578947368,876,23.0526315789474,810,21.3157894736842,740,19.4736842105263,960,25.2631578947368,750,19.7368421052632,692,18.2105263157895
"166",2020,6,"Colima","Violencia familiar",313,31.3,327,32.7,352,35.2,301,30.1,361,36.1,441,44.1,387,38.7,377,37.7,386,38.6,418,41.8,356,35.6,319,31.9
"167",2020,7,"Chiapas","Violencia familiar",395,3.21138211382114,433,3.52032520325203,591,4.80487804878049,387,3.14634146341463,327,2.65853658536585,235,1.91056910569106,377,3.0650406504065,387,3.14634146341463,376,3.05691056910569,333,2.70731707317073,349,2.83739837398374,284,2.30894308943089
"168",2020,8,"Chihuahua","Violencia familiar",723,10.7910447761194,830,12.3880597014925,894,13.3432835820896,864,12.8955223880597,913,13.6268656716418,1255,18.7313432835821,1254,18.7164179104478,1163,17.3582089552239,1028,15.3432835820896,877,13.089552238806,724,10.8059701492537,768,11.4626865671642
"169",2020,9,"Ciudad de México","Violencia familiar",2070,121.764705882353,2485,146.176470588235,2792,164.235294117647,1786,105.058823529412,1550,91.1764705882353,1980,116.470588235294,2301,135.352941176471,2564,150.823529411765,2440,143.529411764706,2777,163.352941176471,2533,149,2489,146.411764705882
"170",2020,10,"Durango","Violencia familiar",428,10.974358974359,472,12.1025641025641,596,15.2820512820513,374,9.58974358974359,432,11.0769230769231,449,11.5128205128205,481,12.3333333333333,487,12.4871794871795,468,12,440,11.2820512820513,251,6.43589743589744,341,8.74358974358974
"171",2020,11,"Guanajuato","Violencia familiar",775,16.8478260869565,865,18.804347826087,997,21.6739130434783,730,15.8695652173913,751,16.3260869565217,835,18.1521739130435,819,17.804347826087,801,17.4130434782609,851,18.5,997,21.6739130434783,838,18.2173913043478,776,16.8695652173913
"172",2020,12,"Guerrero","Violencia familiar",269,3.32098765432099,283,3.49382716049383,317,3.91358024691358,179,2.20987654320988,147,1.81481481481481,196,2.41975308641975,257,3.17283950617284,277,3.41975308641975,266,3.28395061728395,289,3.5679012345679,273,3.37037037037037,243,3
"173",2020,13,"Hidalgo","Violencia familiar",406,4.83333333333333,435,5.17857142857143,631,7.51190476190476,576,6.85714285714286,408,4.85714285714286,522,6.21428571428571,511,6.08333333333333,451,5.36904761904762,508,6.04761904761905,479,5.70238095238095,423,5.03571428571429,374,4.45238095238095
"174",2020,14,"Jalisco","Violencia familiar",777,6.16666666666667,943,7.48412698412698,1094,8.68253968253968,965,7.65873015873016,1116,8.85714285714286,1198,9.50793650793651,1106,8.77777777777778,999,7.92857142857143,941,7.46825396825397,1026,8.14285714285714,858,6.80952380952381,867,6.88095238095238
"175",2020,15,"México","Violencia familiar",884,7.072,995,7.96,998,7.984,1449,11.592,1392,11.136,1616,12.928,1594,12.752,1592,12.736,1716,13.728,1639,13.112,1524,12.192,1516,12.128
"176",2020,16,"Michoacán de Ocampo","Violencia familiar",78,0.690265486725664,73,0.646017699115044,121,1.07079646017699,113,1,100,0.884955752212389,118,1.04424778761062,108,0.955752212389381,95,0.84070796460177,105,0.929203539823009,111,0.982300884955752,89,0.787610619469027,74,0.654867256637168
"177",2020,17,"Morelos","Violencia familiar",424,12.8484848484848,459,13.9090909090909,520,15.7575757575758,320,9.6969696969697,315,9.54545454545454,381,11.5454545454545,433,13.1212121212121,467,14.1515151515152,402,12.1818181818182,420,12.7272727272727,395,11.969696969697,402,12.1818181818182
"178",2020,18,"Nayarit","Violencia familiar",60,3,97,4.85,82,4.1,49,2.45,48,2.4,68,3.4,64,3.2,74,3.7,81,4.05,93,4.65,79,3.95,69,3.45
"179",2020,19,"Nuevo León","Violencia familiar",1312,25.7254901960784,1258,24.6666666666667,1670,32.7450980392157,1195,23.4313725490196,1356,26.5882352941176,1569,30.7647058823529,1529,29.9803921568627,1709,33.5098039215686,1838,36.0392156862745,1734,34,1486,29.1372549019608,1284,25.1764705882353
"180",2020,20,"Oaxaca","Violencia familiar",499,0.873905429071804,574,1.00525394045534,650,1.13835376532399,445,0.779334500875657,463,0.810858143607706,421,0.737302977232925,527,0.922942206654991,562,0.984238178633975,595,1.04203152364273,606,1.06129597197898,567,0.992994746059545,565,0.989492119089317
"181",2020,21,"Puebla","Violencia familiar",738,3.40092165898618,795,3.66359447004608,981,4.52073732718894,766,3.52995391705069,698,3.21658986175115,758,3.49308755760369,780,3.59447004608295,738,3.40092165898618,687,3.16589861751152,753,3.47004608294931,703,3.23963133640553,728,3.35483870967742
"182",2020,22,"Querétaro","Violencia familiar",260,13.6842105263158,298,15.6842105263158,376,19.7894736842105,297,15.6315789473684,308,16.2105263157895,261,13.7368421052632,342,18,295,15.5263157894737,274,14.4210526315789,313,16.4736842105263,281,14.7894736842105,247,13
"183",2020,23,"Quintana Roo","Violencia familiar",363,33,370,33.6363636363636,518,47.0909090909091,257,23.3636363636364,297,27,402,36.5454545454545,409,37.1818181818182,415,37.7272727272727,509,46.2727272727273,353,32.0909090909091,440,40,480,43.6363636363636
"184",2020,24,"San Luis Potosí","Violencia familiar",604,10.4137931034483,639,11.0172413793103,703,12.1206896551724,586,10.1034482758621,606,10.448275862069,713,12.2931034482759,756,13.0344827586207,576,9.93103448275862,680,11.7241379310345,698,12.0344827586207,641,11.051724137931,579,9.98275862068965
"185",2020,25,"Sinaloa","Violencia familiar",341,18.9444444444444,362,20.1111111111111,371,20.6111111111111,263,14.6111111111111,409,22.7222222222222,466,25.8888888888889,445,24.7222222222222,512,28.4444444444444,494,27.4444444444444,512,28.4444444444444,466,25.8888888888889,497,27.6111111111111
"186",2020,26,"Sonora","Violencia familiar",314,4.24324324324324,371,5.01351351351351,381,5.14864864864865,174,2.35135135135135,589,7.95945945945946,460,6.21621621621622,376,5.08108108108108,492,6.64864864864865,542,7.32432432432432,589,7.95945945945946,645,8.71621621621622,517,6.98648648648649
"187",2020,27,"Tabasco","Violencia familiar",558,32.8235294117647,607,35.7058823529412,587,34.5294117647059,258,15.1764705882353,270,15.8823529411765,492,28.9411764705882,625,36.7647058823529,681,40.0588235294118,660,38.8235294117647,668,39.2941176470588,487,28.6470588235294,552,32.4705882352941
"188",2020,28,"Tamaulipas","Violencia familiar",503,11.6976744186047,539,12.5348837209302,657,15.2790697674419,412,9.58139534883721,464,10.7906976744186,605,14.0697674418605,501,11.6511627906977,592,13.7674418604651,604,14.046511627907,589,13.6976744186047,511,11.8837209302326,490,11.3953488372093
"189",2020,29,"Tlaxcala","Violencia familiar",0,0,5,0.0833333333333333,0,0,0,0,2,0.0333333333333333,0,0,0,0,1,0.0166666666666667,1,0.0166666666666667,2,0.0333333333333333,6,0.1,1,0.0166666666666667
"190",2020,30,"Veracruz de Ignacio de la Llave","Violencia familiar",613,2.86448598130841,925,4.32242990654206,942,4.4018691588785,806,3.76635514018692,759,3.54672897196262,853,3.98598130841122,924,4.31775700934579,859,4.01401869158879,1002,4.68224299065421,1023,4.7803738317757,866,4.04672897196262,814,3.80373831775701
"191",2020,31,"Yucatán","Violencia familiar",58,0.547169811320755,73,0.688679245283019,87,0.820754716981132,26,0.245283018867925,30,0.283018867924528,46,0.433962264150943,42,0.39622641509434,45,0.424528301886792,71,0.669811320754717,73,0.688679245283019,105,0.990566037735849,70,0.660377358490566
"192",2020,32,"Zacatecas","Violencia familiar",246,4.24137931034483,237,4.08620689655172,288,4.96551724137931,245,4.22413793103448,262,4.51724137931035,363,6.25862068965517,291,5.01724137931035,323,5.56896551724138,266,4.58620689655172,266,4.58620689655172,285,4.91379310344828,243,4.18965517241379
